comparison,metric,subject,policy_a_value,policy_b_value,difference
Policy A vs Policy B,success_rate,1,0.7188,0.8837,0.1649
Policy A vs Policy B,success_rate,2,0.5125,0.5692,0.0567
Policy A vs Policy B,success_rate,3,0.5,0.5094,0.0094
Policy A vs Policy B,success_rate,4,0.9938,1.0,0.0062
Policy A vs Policy B,success_rate,5,0.875,0.9277,0.0527
Policy A vs Policy B,success_rate,6,0.6625,0.7282,0.0657
Policy A vs Policy B,success_rate,7,0.6875,0.7802,0.0927
Policy A vs Policy B,success_rate,8,0.8375,0.9245,0.087
Policy A vs Policy B,success_rate,9,0.7812,0.8557,0.0745
Policy A vs Policy B,error_rate,1,0.2812,0.1163,-0.1649
Policy A vs Policy B,error_rate,2,0.4875,0.4308,-0.0567
Policy A vs Policy B,error_rate,3,0.5,0.4906,-0.0094
Policy A vs Policy B,error_rate,4,0.0062,0.0,-0.0062
Policy A vs Policy B,error_rate,5,0.125,0.0723,-0.0527
Policy A vs Policy B,error_rate,6,0.3375,0.2718,-0.0657
Policy A vs Policy B,error_rate,7,0.3125,0.2198,-0.0927
Policy A vs Policy B,error_rate,8,0.1625,0.0755,-0.087
Policy A vs Policy B,error_rate,9,0.2188,0.1443,-0.0745
Policy A vs Policy B,coverage,1,1.0,0.5375,-0.4625
Policy A vs Policy B,coverage,2,1.0,0.4062,-0.5938
Policy A vs Policy B,coverage,3,1.0,0.3312,-0.6688
Policy A vs Policy B,coverage,4,1.0,0.9437,-0.0563
Policy A vs Policy B,coverage,5,1.0,0.5188,-0.4812
Policy A vs Policy B,coverage,6,1.0,0.6438,-0.3562
Policy A vs Policy B,coverage,7,1.0,0.5687,-0.4313
Policy A vs Policy B,coverage,8,1.0,0.6625,-0.3375
Policy A vs Policy B,coverage,9,1.0,0.6062,-0.3938
Policy A vs Policy B,abstention_rate,1,0.0,0.4625,0.4625
Policy A vs Policy B,abstention_rate,2,0.0,0.5938,0.5938
Policy A vs Policy B,abstention_rate,3,0.0,0.6687,0.6687
Policy A vs Policy B,abstention_rate,4,0.0,0.0563,0.0563
Policy A vs Policy B,abstention_rate,5,0.0,0.4813,0.4813
Policy A vs Policy B,abstention_rate,6,0.0,0.3563,0.3563
Policy A vs Policy B,abstention_rate,7,0.0,0.4313,0.4313
Policy A vs Policy B,abstention_rate,8,0.0,0.3375,0.3375
Policy A vs Policy B,abstention_rate,9,0.0,0.3937,0.3937
Policy A vs Policy B,n_unsafe,1,45.0,10.0,-35.0
Policy A vs Policy B,n_unsafe,2,78.0,28.0,-50.0
Policy A vs Policy B,n_unsafe,3,80.0,26.0,-54.0
Policy A vs Policy B,n_unsafe,4,1.0,0.0,-1.0
Policy A vs Policy B,n_unsafe,5,20.0,6.0,-14.0
Policy A vs Policy B,n_unsafe,6,54.0,28.0,-26.0
Policy A vs Policy B,n_unsafe,7,50.0,20.0,-30.0
Policy A vs Policy B,n_unsafe,8,26.0,8.0,-18.0
Policy A vs Policy B,n_unsafe,9,35.0,14.0,-21.0
Policy A vs Policy C,success_rate,1,0.7188,0.8837,0.1649
Policy A vs Policy C,success_rate,2,0.5125,0.5692,0.0567
Policy A vs Policy C,success_rate,3,0.5,0.5094,0.0094
Policy A vs Policy C,success_rate,4,0.9938,1.0,0.0062
Policy A vs Policy C,success_rate,5,0.875,0.9277,0.0527
Policy A vs Policy C,success_rate,6,0.6625,0.7282,0.0657
Policy A vs Policy C,success_rate,7,0.6875,0.7802,0.0927
Policy A vs Policy C,success_rate,8,0.8375,0.9245,0.087
Policy A vs Policy C,success_rate,9,0.7812,0.8557,0.0745
Policy A vs Policy C,error_rate,1,0.2812,0.1163,-0.1649
Policy A vs Policy C,error_rate,2,0.4875,0.4308,-0.0567
Policy A vs Policy C,error_rate,3,0.5,0.4906,-0.0094
Policy A vs Policy C,error_rate,4,0.0062,0.0,-0.0062
Policy A vs Policy C,error_rate,5,0.125,0.0723,-0.0527
Policy A vs Policy C,error_rate,6,0.3375,0.2718,-0.0657
Policy A vs Policy C,error_rate,7,0.3125,0.2198,-0.0927
Policy A vs Policy C,error_rate,8,0.1625,0.0755,-0.087
Policy A vs Policy C,error_rate,9,0.2188,0.1443,-0.0745
Policy A vs Policy C,coverage,1,1.0,0.5375,-0.4625
Policy A vs Policy C,coverage,2,1.0,0.4062,-0.5938
Policy A vs Policy C,coverage,3,1.0,0.3312,-0.6688
Policy A vs Policy C,coverage,4,1.0,0.9437,-0.0563
Policy A vs Policy C,coverage,5,1.0,0.5188,-0.4812
Policy A vs Policy C,coverage,6,1.0,0.6438,-0.3562
Policy A vs Policy C,coverage,7,1.0,0.5687,-0.4313
Policy A vs Policy C,coverage,8,1.0,0.6625,-0.3375
Policy A vs Policy C,coverage,9,1.0,0.6062,-0.3938
Policy A vs Policy C,abstention_rate,1,0.0,0.4625,0.4625
Policy A vs Policy C,abstention_rate,2,0.0,0.5938,0.5938
Policy A vs Policy C,abstention_rate,3,0.0,0.6687,0.6687
Policy A vs Policy C,abstention_rate,4,0.0,0.0563,0.0563
Policy A vs Policy C,abstention_rate,5,0.0,0.4813,0.4813
Policy A vs Policy C,abstention_rate,6,0.0,0.3563,0.3563
Policy A vs Policy C,abstention_rate,7,0.0,0.4313,0.4313
Policy A vs Policy C,abstention_rate,8,0.0,0.3375,0.3375
Policy A vs Policy C,abstention_rate,9,0.0,0.3937,0.3937
Policy A vs Policy C,n_unsafe,1,45.0,10.0,-35.0
Policy A vs Policy C,n_unsafe,2,78.0,28.0,-50.0
Policy A vs Policy C,n_unsafe,3,80.0,26.0,-54.0
Policy A vs Policy C,n_unsafe,4,1.0,0.0,-1.0
Policy A vs Policy C,n_unsafe,5,20.0,6.0,-14.0
Policy A vs Policy C,n_unsafe,6,54.0,28.0,-26.0
Policy A vs Policy C,n_unsafe,7,50.0,20.0,-30.0
Policy A vs Policy C,n_unsafe,8,26.0,8.0,-18.0
Policy A vs Policy C,n_unsafe,9,35.0,14.0,-21.0
Policy B vs Policy C,success_rate,1,0.8837,0.8837,0.0
Policy B vs Policy C,success_rate,2,0.5692,0.5692,0.0
Policy B vs Policy C,success_rate,3,0.5094,0.5094,0.0
Policy B vs Policy C,success_rate,4,1.0,1.0,0.0
Policy B vs Policy C,success_rate,5,0.9277,0.9277,0.0
Policy B vs Policy C,success_rate,6,0.7282,0.7282,0.0
Policy B vs Policy C,success_rate,7,0.7802,0.7802,0.0
Policy B vs Policy C,success_rate,8,0.9245,0.9245,0.0
Policy B vs Policy C,success_rate,9,0.8557,0.8557,0.0
Policy B vs Policy C,error_rate,1,0.1163,0.1163,0.0
Policy B vs Policy C,error_rate,2,0.4308,0.4308,0.0
Policy B vs Policy C,error_rate,3,0.4906,0.4906,0.0
Policy B vs Policy C,error_rate,4,0.0,0.0,0.0
Policy B vs Policy C,error_rate,5,0.0723,0.0723,0.0
Policy B vs Policy C,error_rate,6,0.2718,0.2718,0.0
Policy B vs Policy C,error_rate,7,0.2198,0.2198,0.0
Policy B vs Policy C,error_rate,8,0.0755,0.0755,0.0
Policy B vs Policy C,error_rate,9,0.1443,0.1443,0.0
Policy B vs Policy C,coverage,1,0.5375,0.5375,0.0
Policy B vs Policy C,coverage,2,0.4062,0.4062,0.0
Policy B vs Policy C,coverage,3,0.3312,0.3312,0.0
Policy B vs Policy C,coverage,4,0.9437,0.9437,0.0
Policy B vs Policy C,coverage,5,0.5188,0.5188,0.0
Policy B vs Policy C,coverage,6,0.6438,0.6438,0.0
Policy B vs Policy C,coverage,7,0.5687,0.5687,0.0
Policy B vs Policy C,coverage,8,0.6625,0.6625,0.0
Policy B vs Policy C,coverage,9,0.6062,0.6062,0.0
Policy B vs Policy C,abstention_rate,1,0.4625,0.4625,0.0
Policy B vs Policy C,abstention_rate,2,0.5938,0.5938,0.0
Policy B vs Policy C,abstention_rate,3,0.6687,0.6687,0.0
Policy B vs Policy C,abstention_rate,4,0.0563,0.0563,0.0
Policy B vs Policy C,abstention_rate,5,0.4813,0.4813,0.0
Policy B vs Policy C,abstention_rate,6,0.3563,0.3563,0.0
Policy B vs Policy C,abstention_rate,7,0.4313,0.4313,0.0
Policy B vs Policy C,abstention_rate,8,0.3375,0.3375,0.0
Policy B vs Policy C,abstention_rate,9,0.3937,0.3937,0.0
Policy B vs Policy C,n_unsafe,1,10.0,10.0,0.0
Policy B vs Policy C,n_unsafe,2,28.0,28.0,0.0
Policy B vs Policy C,n_unsafe,3,26.0,26.0,0.0
Policy B vs Policy C,n_unsafe,4,0.0,0.0,0.0
Policy B vs Policy C,n_unsafe,5,6.0,6.0,0.0
Policy B vs Policy C,n_unsafe,6,28.0,28.0,0.0
Policy B vs Policy C,n_unsafe,7,20.0,20.0,0.0
Policy B vs Policy C,n_unsafe,8,8.0,8.0,0.0
Policy B vs Policy C,n_unsafe,9,14.0,14.0,0.0
